{
  "generatedAt": "2026-06-24T02:16:39.036Z",
  "keyLessons": 69,
  "winningLabel": "opus-4-7",
  "gates": {
    "gate1": {
      "passed": false,
      "perField": {
        "cooking_skills": {
          "winner": 0.7923076923076923,
          "rules": 0.7846889952153111
        },
        "main_ingredients": {
          "winner": 0.7734806629834253,
          "rules": 0.9177215189873419
        }
      },
      "failingFields": [
        {
          "field": "main_ingredients",
          "winner": 0.7734806629834253,
          "rules": 0.9177215189873419
        }
      ],
      "cleanCoreCount": 34
    },
    "gate2": {
      "passed": false,
      "perField": {
        "cooking_skills": {
          "winner": 0.6149253731343284,
          "rules": 0.7722772277227722,
          "delta": -0.1573518545884438,
          "passed": false
        },
        "main_ingredients": {
          "winner": 0.7293577981651376,
          "rules": 0.7239819004524886,
          "delta": 0.005375897712649014,
          "passed": false
        }
      },
      "minDelta": 0.05,
      "judgmentRowCount": 35
    },
    "gate3": {
      "passed": false,
      "addedSpecificPrecision": 0.5585106382978723,
      "precisionFloor": 0.7,
      "pooledTp": 105,
      "pooledFp": 83,
      "absentValueViolations": [],
      "absentRateCeiling": 0.05
    },
    "gate4": {
      "passed": false,
      "sweetenersPrecision": 0.2727272727272727,
      "sweetenersPrecisionFloor": 0.8,
      "survivingNeverStored": []
    },
    "allPassed": false,
    "gate2BootstrapCI": {
      "cooking_skills": {
        "pointDelta": -0.1573518545884438,
        "lower": -0.2562602440356949,
        "upper": -0.07224892486718937,
        "iterations": 1000,
        "seed": 20260623
      },
      "main_ingredients": {
        "pointDelta": 0.005375897712649014,
        "lower": -0.1348272816030499,
        "upper": 0.14308498519024826,
        "iterations": 1000,
        "seed": 20260623
      }
    },
    "labels": {
      "cleanCore": 34,
      "judgmentRow": 35
    }
  }
}
