{
  "generatedAt": "2026-06-24T02:03:54.243Z",
  "keyLessons": 69,
  "winningLabel": "opus-4-8",
  "gates": {
    "gate1": {
      "passed": false,
      "perField": {
        "cooking_skills": {
          "winner": 0.7565543071161049,
          "rules": 0.7846889952153111
        },
        "main_ingredients": {
          "winner": 0.7552083333333333,
          "rules": 0.9177215189873419
        }
      },
      "failingFields": [
        {
          "field": "cooking_skills",
          "winner": 0.7565543071161049,
          "rules": 0.7846889952153111
        },
        {
          "field": "main_ingredients",
          "winner": 0.7552083333333333,
          "rules": 0.9177215189873419
        }
      ],
      "cleanCoreCount": 34
    },
    "gate2": {
      "passed": false,
      "perField": {
        "cooking_skills": {
          "winner": 0.6980609418282548,
          "rules": 0.7722772277227722,
          "delta": -0.07421628589451734,
          "passed": false
        },
        "main_ingredients": {
          "winner": 0.8218623481781377,
          "rules": 0.7239819004524886,
          "delta": 0.09788044772564919,
          "passed": true
        }
      },
      "minDelta": 0.05,
      "judgmentRowCount": 35
    },
    "gate3": {
      "passed": false,
      "addedSpecificPrecision": 0.5753424657534246,
      "precisionFloor": 0.7,
      "pooledTp": 126,
      "pooledFp": 93,
      "absentValueViolations": [],
      "absentRateCeiling": 0.05
    },
    "gate4": {
      "passed": false,
      "sweetenersPrecision": 0.35714285714285715,
      "sweetenersPrecisionFloor": 0.8,
      "survivingNeverStored": []
    },
    "allPassed": false,
    "gate2BootstrapCI": {
      "cooking_skills": {
        "pointDelta": -0.07421628589451734,
        "lower": -0.13051938332584956,
        "upper": -0.015299934695400808,
        "iterations": 1000,
        "seed": 20260623
      },
      "main_ingredients": {
        "pointDelta": 0.09788044772564919,
        "lower": 0.018673218673218805,
        "upper": 0.19175565890437274,
        "iterations": 1000,
        "seed": 20260623
      }
    },
    "labels": {
      "cleanCore": 34,
      "judgmentRow": 35
    }
  }
}
